{"train/loss": 0.2166, "train/learning_rate": 2e-06, "train/rewards/chosen": 0.0, "train/rewards/rejected": 0.0, "train/rewards/accuracies": 0.0, "train/rewards/margins": 0.0, "train/policy_logps/rejected": -24.281766891479492, "train/policy_logps/chosen": -17.104846954345703, "train/referece_logps/rejected": -24.281766891479492, "train/referece_logps/chosen": -17.104846954345703, "train/logits/rejected": -0.31440091133117676, "train/logits/chosen": 1.6903560161590576, "train/epoch": 1.0, "train/global_step": 1, "_timestamp": 1718287893.7043061, "_runtime": 19.797741174697876, "_step": 1, "train/train_runtime": 21.4322, "train/train_samples_per_second": 0.233, "train/train_steps_per_second": 0.047, "train/total_flos": 0.0, "train/train_loss": 0.21660849452018738, "_wandb": {"runtime": 19}}